{
    
    "cale_baza": "/resurse/imagini/erori",
    "eroare_default":
    {
        "titlu":"Error",
        "text": "Error identified.",
        "imagine":"interzis.jpg"
    },
    "info_erori": [
        {
            "identificator":404,
            "status":true,
            "titlu":"404 - Page not found!",
            "text": "We looked everywhere for this page. Are you sure the website URL is correct?",
            "imagine":"lupa.jpg"
        },
        {
            "identificator":403,
            "status":true,
            "titlu":"403 - Da, tu ce cauți aici?!!",
            "text": "Ai greșit ruta. Stânga-împrejur și pa!",
            "imagine":"interzis.jpg"
        },
        {
            "identificator":400,
            "status":true,
            "titlu":"400 - Bad request",
            "text": "The page isn't working!",
            "imagine":"interzis.jpg"
        },
        
        {
            "identificator":1,
            "status":false,
            "titlu":"Site în lucru",
            "text": "Muncim, muncim!",
            "imagine":"interzis.jpg"
        },
        
        {
            "identificator":2,
            "status":false,
            "titlu":"Eroare baza date",
            "text": "Reveniti mai tarziu!",
            "imagine":"interzis.jpg"
        },
        
        {
            "identificator":3,
            "status":false,
            "titlu":"Date gresit",
            "text": "Verificati datele",
            "imagine":"interzis.jpg"
        }
    ]
}
  